strategy,filled_qty,avg_px,notional,fees,signed_cost,pnl_total,max_drawdown,turnover,sharpe_like
twap,,,,,,-567024.4174756481,535044.250381384,1.0,3629.8168108001787
vwap,5.0,113060.98794400001,565304.93972,113.060987944,565418.000707944,-567024.3404279441,459062.9230851441,1.0,4344.725860371269
pov,,,,,,0.0,-0.0,0.0,
iceberg,0.0,,0.0,0.0,0.0,0.0,-0.0,0.0,
