{
  "rv": {
    "bar_sec": 60.0,
    "window": 30,
    "parkinson": {
      "mean": 0.04189898843301428,
      "median": 0.04247018474662543,
      "p90": 0.06096121091707876
    },
    "garman_klass": {
      "mean": 0.025585606764456717,
      "median": 0.026051095564669696,
      "p90": 0.03780678151206403
    }
  },
  "impact": {
    "500": {
      "by_notional_bp": {
        "0": -0.00014705338805223132,
        "1": 0.3258404696630263,
        "2": 2.065789777016379e-07,
        "3": 3.2453792050050287,
        "4": 0.3256200261648924,
        "5": -0.0004411621390964346,
        "6": 0.0,
        "7": 1.622910182588884,
        "8": -0.0008820460993917907,
        "9": -0.0005879197248847066
      },
      "by_qty_percentile_bp": {
        "0": 0.1302479558323792,
        "1": 0.8113449561854905,
        "2": 0.16258943201289797,
        "3": 0.6489876095498093,
        "4": -0.0008817747700618618,
        "5": 0.0,
        "6": -0.0008817648554241863,
        "7": -0.0008819943192299335
      }
    },
    "1000": {
      "by_notional_bp": {
        "0": 0.0010286376476797575,
        "1": 0.32606091316116026,
        "2": 0.0004413552312338043,
        "3": 3.2453792050050287,
        "4": 0.3256200261648924,
        "5": -0.0013234894735286071,
        "6": 0.0002205793273453118,
        "7": 1.6233513427629074,
        "8": -0.001102354126600716,
        "9": -0.0007348652768247166
      },
      "by_qty_percentile_bp": {
        "0": 0.13104154785307195,
        "1": 0.8116758176746826,
        "2": 0.16214826834568188,
        "3": 0.6493405370932288,
        "4": -0.0017635495388405723,
        "5": 0.00044115766340990374,
        "6": -0.0008817648554241863,
        "7": -0.001763988638459867
      }
    }
  },
  "order_flow_autocorr": {
    "max_lag": 20,
    "lags": [
      1,
      2,
      3,
      4,
      5,
      6,
      7,
      8,
      9,
      10,
      11,
      12,
      13,
      14,
      15,
      16,
      17,
      18,
      19,
      20
    ],
    "values": [
      0.4343434343434343,
      0.17424242424242423,
      -0.08585858585858587,
      0.20959595959595959,
      0.19949494949494945,
      0.1893939393939393,
      -0.07070707070707072,
      -0.08080808080808081,
      -0.09090909090909091,
      -0.10101010101010102,
      -0.11111111111111112,
      -0.12121212121212123,
      -0.13131313131313133,
      -0.14141414141414144,
      -0.15151515151515152,
      -0.10606060606060608,
      -0.11616161616161617,
      -0.12626262626262627,
      -0.13636363636363638,
      -0.09090909090909091
    ]
  },
  "drift_vs_imbalance": {
    "horizon_ms": 500,
    "grid_ms": 1000,
    "deciles_bp": {
      "0": 0.00556251057587096
    }
  }
}