{
  "rv": {
    "bar_sec": 60.0,
    "window": 30,
    "parkinson": {
      "mean": 0.06339596058642007,
      "median": 0.10142580485938897,
      "p90": 0.134827855302561
    },
    "garman_klass": {
      "mean": 0.03615690685213346,
      "median": 0.05808392504296929,
      "p90": 0.0777609923602035
    }
  },
  "impact": {
    "500": {
      "by_notional_bp": {
        "0": 0.00044186600739211493,
        "1": 0.00036826130586665957,
        "2": 0.0004418513469490662,
        "3": 0.0007364842009616707,
        "4": 0.0002209627251273476,
        "5": 0.00011048308118788697,
        "6": 0.0002946180339723557,
        "7": 0.0002209256734745331,
        "8": 0.00022095993234810598,
        "9": 0.00011048040038151749
      },
      "by_qty_percentile_bp": {
        "0": 0.0004418849598787772,
        "1": 0.000552363150721253,
        "2": 0.00022096373271780057,
        "3": 0.0001472837823163554,
        "4": 0.00029461324313080796,
        "5": 0.0,
        "6": 0.00044192160152606996,
        "7": 0.0
      }
    },
    "1000": {
      "by_notional_bp": {
        "0": 0.0006627840377742918,
        "1": 0.0007365214694508249,
        "2": 0.0004418513469490662,
        "3": 0.00044187173900145805,
        "4": 0.00011048643054945587,
        "5": 0.00022096616237577394,
        "6": 0.0005892360683734372,
        "7": 0.00044189129844357164,
        "8": 0.00033144292076658563,
        "9": 0.0005524110550288979
      },
      "by_qty_percentile_bp": {
        "0": 0.000723087969245477,
        "1": 0.00033140380425109354,
        "2": 0.0003093518576821231,
        "3": 0.00036824952457470086,
        "4": 0.00029461324313080796,
        "5": 0.0006629005078886452,
        "6": 0.0008838432043383011,
        "7": 0.0
      }
    }
  },
  "order_flow_autocorr": {
    "max_lag": 36,
    "lags": [
      1,
      2,
      3,
      4,
      5,
      6,
      7,
      8,
      9,
      10,
      11,
      12,
      13,
      14,
      15,
      16,
      17,
      18,
      19,
      20,
      21,
      22,
      23,
      24,
      25,
      26,
      27,
      28,
      29,
      30,
      31,
      32,
      33,
      34,
      35,
      36
    ],
    "values": [
      0.3258549599805967,
      0.0019403347077370857,
      -0.14685908319185062,
      0.022313849138976494,
      0.01637157409653165,
      0.010429299054086837,
      0.03674508852777107,
      0.06306087800145528,
      -0.0857385398981324,
      -0.09168081494057723,
      -0.09762308998302206,
      -0.10356536502546689,
      -0.1095076400679117,
      -0.11544991511035653,
      -0.12139219015280137,
      0.08003880669415477,
      -0.10101867572156197,
      -0.10696095076400679,
      -0.1129032258064516,
      0.05626970652437546,
      0.05032743148193064,
      0.04438515643948582,
      0.07070094591317003,
      0.06475867087072519,
      -0.1162988115449915,
      -0.12224108658743633,
      0.046931845743390724,
      0.2161047780742178,
      0.210162503031773,
      0.0613630851321853,
      -0.08743633276740238,
      -0.06112054329371817,
      -0.067062818336163,
      -0.07300509337860782,
      -0.07894736842105264,
      -0.052631578947368425
    ]
  },
  "drift_vs_imbalance": {
    "horizon_ms": 500,
    "grid_ms": 1000,
    "deciles_bp": {
      "0": 0.0001044044763325366,
      "1": -0.003293462017183971,
      "2": -0.00011944122472658827,
      "3": 0.009973245679663127,
      "4": -0.0004116635770340708,
      "5": 0.0030120678390396466,
      "6": -0.03390575715289007
    }
  }
}