{
  "quotes": {
    "twa": {
      "spread": 133.69203523363853,
      "mid": 112986.20318613492,
      "microprice": 112944.43337535723,
      "imbalance_L1": 0.11148882063836378
    },
    "percentiles": {
      "spread": {
        "p50": -172.39,
        "p90": 503.95,
        "p99": 508.64
      },
      "imbalance_L1": {
        "p5": 0.0003431428618114675,
        "p50": 0.1404566210045662,
        "p95": 0.16928508384819063
      }
    },
    "counts": {
      "samples": 134467
    }
  },
  "depth": {
    "twa_depth": {
      "bid": {
        "B_L1": 0.07483708121848565,
        "B_L10": 0.04536898437304663,
        "B_L2": 0.06910012084843939,
        "B_L3": 0.028583708880276705,
        "B_L4": 0.0672733732549902,
        "B_L5": 0.10574187698462309,
        "B_L6": 0.04084510263782973,
        "B_L7": 0.06346761053465017,
        "B_L8": 0.06014269975413592,
        "B_L9": 0.03662222669500354
      },
      "ask": {
        "A_L1": 0.5207257808892778,
        "A_L10": 0.0321049313664208,
        "A_L2": 0.28536354827686794,
        "A_L3": 0.152828638413135,
        "A_L4": 0.07232184948118515,
        "A_L5": 0.033374332541567686,
        "A_L6": 0.01994697678876526,
        "A_L7": 0.009081412676584572,
        "A_L8": 0.007682762928699421,
        "A_L9": 0.010418357628036837
      },
      "total_bid": 0.591982785181481,
      "total_ask": 1.1438485909905407
    }
  }
}