ts_ns,px,qty
1756086292400000000,113061.02,0.7118
1756086292649999872,113061.02,0.7118
1756086292900000000,113061.01000000001,0.042
1756086293200000000,113060.98,0.7118
1756086293449999872,113060.98,0.7118
1756086293700000000,113060.97,0.0422
1756086294000000000,113060.93000000001,0.0422
1756086294249999872,113060.92,0.7118
1756086294500000000,113060.92,0.7118
1756086294800000000,113060.92,0.6028
